[
    {
      "id":1,
     
      "Question":" Who was known as the frontier Gandhi:?",
       "option1":"Jawahar Lal Nehru",
       "option2":"Ali brothers",
       "option3":"Khan Abdul Ghaffar Khan",
       "option4":" Jinina",
       "Ans":"Khan Abdul Ghaffar Khan"
    },
    {
      "id":2,
     
      "Question":" Who was called the grand old man of the Indian National Congress?",
       "option1":" Sardar vallabh bhai patel",
       "option2":"Dadabhai Naoroji",
       "option3":"Chandra Shekhar Azad",
       "option4":"Bal Gangadhar Tilak",
       "Ans":"Dadabhai Naoroji"
    },
    {
      "id":3,
     
      "Question":"Who was called Deshbandhu?",
       "option1":"Bal Gangadhar Tilak",
       "option2":" Mahatma Gandhi",
       "option3":"Chittarajan Das",
       "option4":"Chandra Shekhar Azad",
       "Ans":"Chittarajan Das"
    },
    {
      "id":4,
     
      "Question":"The rock which is harder than its original constituent is:",
       "option1":"Sedimentary rock",
       "option2":"coal",
       "option3":"Igneous rock",
       "option4":"Metamorphic rock",
       "Ans":"Metamorphic rock"
    },
    {
      "id":5,
     
      "Question":"A joint sitting of the two houses in called as",
       "option1":" Joint Session",
       "option2":"The members of parliament",
       "option3":"The Speaker of Loksabha",
       "option4":"The defense minister",
       "Ans":" Joint Session"
    }
]